z0,avg_slow,avg_fast,avg_high_cpu,avg_low_cpu,slow_contrib,fast_contrib,high_cpu_contrib,low_cpu_contrib
0.6,1.00000000000000000000,2.00000000000000000000,3.00000000000000000000,4.00000000000000000000,5.00000000000000000000,6.00000000000000000000,7.00000000000000000000,8.00000000000000000000
